<ImportExportXml xmlns:xsi="http://www.w3.org/2001/XMLSchema-instance">
  <Entities>
    <Entity>
      <Name LocalizedName="Contact" OriginalName="">Contact</Name>
      <EntityInfo>
        <entity Name="Contact">
          <attributes>
            <attribute PhysicalName="bk_BankAccount">
              <Type>nvarchar</Type>
              <Name>bk_bankaccount</Name>
              <LogicalName>bk_bankaccount</LogicalName>
              <RequiredLevel>none</RequiredLevel>
              <DisplayMask>ValidForAdvancedFind|ValidForForm|ValidForGrid</DisplayMask>
              <ImeMode>auto</ImeMode>
              <ValidForUpdateApi>1</ValidForUpdateApi>
              <ValidForReadApi>1</ValidForReadApi>
              <ValidForCreateApi>1</ValidForCreateApi>
              <IsCustomField>1</IsCustomField>
              <IsAuditEnabled>1</IsAuditEnabled>
              <IsSecured>0</IsSecured>
              <IntroducedVersion>1.0.0.0</IntroducedVersion>
              <IsCustomizable>1</IsCustomizable>
              <IsRenameable>1</IsRenameable>
              <CanModifySearchSettings>1</CanModifySearchSettings>
              <CanModifyRequirementLevelSettings>1</CanModifyRequirementLevelSettings>
              <CanModifyAdditionalSettings>1</CanModifyAdditionalSettings>
              <SourceType>0</SourceType>
              <IsGlobalFilterEnabled>0</IsGlobalFilterEnabled>
              <IsSortableEnabled>0</IsSortableEnabled>
              <CanModifyGlobalFilterSettings>1</CanModifyGlobalFilterSettings>
              <CanModifyIsSortableSettings>1</CanModifyIsSortableSettings>
              <IsDataSourceSecret>0</IsDataSourceSecret>
              <AutoNumberFormat></AutoNumberFormat>
              <IsSearchable>0</IsSearchable>
              <IsFilterable>0</IsFilterable>
              <IsRetrievable>0</IsRetrievable>
              <IsLocalizable>0</IsLocalizable>
              <Format>text</Format>
              <MaxLength>100</MaxLength>
              <Length>200</Length>
              <displaynames>
                <displayname description="Bank Account" languagecode="1033" />
              </displaynames>
              <Descriptions>
                <Description description="" languagecode="1033" />
              </Descriptions>
            </attribute>
            <attribute PhysicalName="ins_Premium">
              <Type>money</Type>
              <Name>ins_premium</Name>
              <LogicalName>ins_premium</LogicalName>
              <RequiredLevel>none</RequiredLevel>
              <DisplayMask>ValidForAdvancedFind|ValidForForm|ValidForGrid</DisplayMask>
              <ImeMode>auto</ImeMode>
              <ValidForUpdateApi>1</ValidForUpdateApi>
              <ValidForReadApi>1</ValidForReadApi>
              <ValidForCreateApi>1</ValidForCreateApi>
              <IsCustomField>1</IsCustomField>
              <IsAuditEnabled>1</IsAuditEnabled>
              <IsSecured>0</IsSecured>
              <IntroducedVersion>1.0.0.0</IntroducedVersion>
              <IsCustomizable>1</IsCustomizable>
              <IsRenameable>1</IsRenameable>
              <CanModifySearchSettings>1</CanModifySearchSettings>
              <CanModifyRequirementLevelSettings>1</CanModifyRequirementLevelSettings>
              <CanModifyAdditionalSettings>1</CanModifyAdditionalSettings>
              <SourceType>0</SourceType>
              <IsGlobalFilterEnabled>0</IsGlobalFilterEnabled>
              <IsSortableEnabled>0</IsSortableEnabled>
              <CanModifyGlobalFilterSettings>1</CanModifyGlobalFilterSettings>
              <CanModifyIsSortableSettings>1</CanModifyIsSortableSettings>
              <IsDataSourceSecret>0</IsDataSourceSecret>
              <AutoNumberFormat></AutoNumberFormat>
              <IsSearchable>0</IsSearchable>
              <IsFilterable>0</IsFilterable>
              <IsRetrievable>0</IsRetrievable>
              <IsLocalizable>0</IsLocalizable>
              <MinValue>-922337203685477</MinValue>
              <MaxValue>922337203685477</MaxValue>
              <Accuracy>0</Accuracy>
              <AccuracySource>2</AccuracySource>
              <displaynames>
                <displayname description="Premium" languagecode="1033" />
              </displaynames>
              <Descriptions>
                <Description description="" languagecode="1033" />
              </Descriptions>
            </attribute>
            <attribute PhysicalName="ins_premium_Base">
              <Type>money</Type>
              <Name>ins_premium_base</Name>
              <LogicalName>ins_premium_base</LogicalName>
              <RequiredLevel>none</RequiredLevel>
              <DisplayMask>ValidForAdvancedFind|ValidForForm|ValidForGrid</DisplayMask>
              <ImeMode>disabled</ImeMode>
              <ValidForUpdateApi>0</ValidForUpdateApi>
              <ValidForReadApi>1</ValidForReadApi>
              <ValidForCreateApi>0</ValidForCreateApi>
              <IsCustomField>1</IsCustomField>
              <IsAuditEnabled>1</IsAuditEnabled>
              <IsSecured>0</IsSecured>
              <IntroducedVersion>1.0.0.0</IntroducedVersion>
              <IsCustomizable>1</IsCustomizable>
              <IsRenameable>1</IsRenameable>
              <CanModifySearchSettings>1</CanModifySearchSettings>
              <CanModifyRequirementLevelSettings>1</CanModifyRequirementLevelSettings>
              <CanModifyAdditionalSettings>1</CanModifyAdditionalSettings>
              <SourceType>0</SourceType>
              <IsGlobalFilterEnabled>0</IsGlobalFilterEnabled>
              <IsSortableEnabled>0</IsSortableEnabled>
              <CanModifyGlobalFilterSettings>1</CanModifyGlobalFilterSettings>
              <CanModifyIsSortableSettings>1</CanModifyIsSortableSettings>
              <IsDataSourceSecret>0</IsDataSourceSecret>
              <AutoNumberFormat></AutoNumberFormat>
              <IsSearchable>0</IsSearchable>
              <IsFilterable>0</IsFilterable>
              <IsRetrievable>0</IsRetrievable>
              <IsLocalizable>0</IsLocalizable>
              <MinValue>-922337203685477</MinValue>
              <MaxValue>922337203685477</MaxValue>
              <Accuracy>0</Accuracy>
              <AccuracySource>2</AccuracySource>
              <CalculationOf>ins_Premium</CalculationOf>
              <displaynames>
                <displayname description="Premium (Base)" languagecode="1033" />
              </displaynames>
              <Descriptions>
                <Description description="Value of the Premium in base currency." languagecode="1033" />
              </Descriptions>
            </attribute>
            <attribute PhysicalName="mon_textingconsent">
              <Type>nvarchar</Type>
              <Name>mon_textingconsent</Name>
              <LogicalName>mon_textingconsent</LogicalName>
              <RequiredLevel>none</RequiredLevel>
              <DisplayMask>ValidForAdvancedFind|ValidForForm|ValidForGrid</DisplayMask>
              <ImeMode>auto</ImeMode>
              <ValidForUpdateApi>1</ValidForUpdateApi>
              <ValidForReadApi>1</ValidForReadApi>
              <ValidForCreateApi>1</ValidForCreateApi>
              <IsCustomField>1</IsCustomField>
              <IsAuditEnabled>1</IsAuditEnabled>
              <IsSecured>0</IsSecured>
              <IntroducedVersion>1.0.0.2</IntroducedVersion>
              <IsCustomizable>1</IsCustomizable>
              <IsRenameable>1</IsRenameable>
              <CanModifySearchSettings>1</CanModifySearchSettings>
              <CanModifyRequirementLevelSettings>1</CanModifyRequirementLevelSettings>
              <CanModifyAdditionalSettings>1</CanModifyAdditionalSettings>
              <SourceType>0</SourceType>
              <IsGlobalFilterEnabled>0</IsGlobalFilterEnabled>
              <IsSortableEnabled>0</IsSortableEnabled>
              <CanModifyGlobalFilterSettings>1</CanModifyGlobalFilterSettings>
              <CanModifyIsSortableSettings>1</CanModifyIsSortableSettings>
              <IsDataSourceSecret>0</IsDataSourceSecret>
              <AutoNumberFormat></AutoNumberFormat>
              <IsSearchable>0</IsSearchable>
              <IsFilterable>0</IsFilterable>
              <IsRetrievable>0</IsRetrievable>
              <IsLocalizable>0</IsLocalizable>
              <Format>text</Format>
              <MaxLength>100</MaxLength>
              <Length>200</Length>
              <displaynames>
                <displayname description="texting consent" languagecode="1033" />
              </displaynames>
              <Descriptions>
                <Description description="" languagecode="1033" />
              </Descriptions>
            </attribute>
            <attribute PhysicalName="msdyn_segmentid">
              <Type>lookup</Type>
              <Name>msdyn_segmentid</Name>
              <LogicalName>msdyn_segmentid</LogicalName>
              <RequiredLevel>none</RequiredLevel>
              <DisplayMask>ValidForAdvancedFind|ValidForForm|ValidForGrid</DisplayMask>
              <ValidForUpdateApi>1</ValidForUpdateApi>
              <ValidForReadApi>1</ValidForReadApi>
              <ValidForCreateApi>1</ValidForCreateApi>
              <IsCustomField>1</IsCustomField>
              <IsAuditEnabled>0</IsAuditEnabled>
              <IsSecured>0</IsSecured>
              <IntroducedVersion>1.0</IntroducedVersion>
              <IsCustomizable>1</IsCustomizable>
              <IsRenameable>1</IsRenameable>
              <CanModifySearchSettings>1</CanModifySearchSettings>
              <CanModifyRequirementLevelSettings>1</CanModifyRequirementLevelSettings>
              <CanModifyAdditionalSettings>1</CanModifyAdditionalSettings>
              <SourceType>0</SourceType>
              <IsGlobalFilterEnabled>0</IsGlobalFilterEnabled>
              <IsSortableEnabled>0</IsSortableEnabled>
              <CanModifyGlobalFilterSettings>1</CanModifyGlobalFilterSettings>
              <CanModifyIsSortableSettings>1</CanModifyIsSortableSettings>
              <IsDataSourceSecret>0</IsDataSourceSecret>
              <AutoNumberFormat></AutoNumberFormat>
              <IsSearchable>0</IsSearchable>
              <IsFilterable>0</IsFilterable>
              <IsRetrievable>0</IsRetrievable>
              <IsLocalizable>0</IsLocalizable>
              <LookupStyle>single</LookupStyle>
              <LookupTypes />
              <displaynames>
                <displayname description="Segment Id" languagecode="127" />
                <displayname description="ID segmentu" languagecode="1029" />
                <displayname description="Id. de segmento" languagecode="3082" />
                <displayname description="ID segmenta" languagecode="1050" />
                <displayname description="ID segmenta" languagecode="1060" />
                <displayname description="Segment-ID" languagecode="1031" />
                <displayname description="Segment Id" languagecode="1033" />
                <displayname description="ID segmenta" languagecode="2074" />
                <displayname description="ИД сегмента" languagecode="1049" />
                <displayname description="客户细分 ID" languagecode="2052" />
                <displayname description="Segment Kimliği" languagecode="1055" />
                <displayname description="Segmendi ID" languagecode="1061" />
                <displayname description="ID phân khúc" languagecode="1066" />
                <displayname description="Ідентифікатор сегмента" languagecode="1058" />
                <displayname description="Segment-ID" languagecode="1053" />
                <displayname description="Segmentuaren IDa" languagecode="1069" />
                <displayname description="अनुभाग Id" languagecode="1081" />
                <displayname description="ID сегмента" languagecode="3098" />
                <displayname description="ID Segmen" languagecode="1057" />
                <displayname description="Segment-id" languagecode="1043" />
                <displayname description="Αναγνωριστικό τμήματος αγοράς" languagecode="1032" />
                <displayname description="ID do segmento" languagecode="1110" />
                <displayname description="客戶細分識別碼" languagecode="3076" />
                <displayname description="ID segmento" languagecode="1040" />
                <displayname description="Сегмент идентификаторы" languagecode="1087" />
                <displayname description="معرف الشريحة" languagecode="1025" />
                <displayname description="ID del segment" languagecode="1027" />
                <displayname description="ID segmentu" languagecode="1051" />
                <displayname description="ID do Segmento" languagecode="2070" />
                <displayname description="Segmenta ID" languagecode="1062" />
                <displayname description="Segmentin tunnus" languagecode="1035" />
                <displayname description="ID do segmento" languagecode="1046" />
                <displayname description="세그먼트 ID" languagecode="1042" />
                <displayname description="Segment-ID" languagecode="1044" />
                <displayname description="Identyfikator segmentu" languagecode="1045" />
                <displayname description="客戶細分識別碼" languagecode="1028" />
                <displayname description="ID de segment" languagecode="1036" />
                <displayname description="รหัสเซ็กเมนต์" languagecode="1054" />
                <displayname description="Segment-id" languagecode="1030" />
                <displayname description="Id Segmen" languagecode="1086" />
                <displayname description="Szegmensazonosító" languagecode="1038" />
                <displayname description="Segmento ID" languagecode="1063" />
                <displayname description="セグメント ID" languagecode="1041" />
                <displayname description="מזהה פלח" languagecode="1037" />
                <displayname description="ID segment" languagecode="1048" />
                <displayname description="ИД на сегмента" languagecode="1026" />
              </displaynames>
              <Descriptions>
                <Description description="Unique identifier for Segment associated with contact." languagecode="127" />
                <Description description="Jedinečný identifikátor segmentu přidruženého k contact" languagecode="1029" />
                <Description description="Identificador único del segmento asociado a contact." languagecode="3082" />
                <Description description="Jedinstveni identifikator za segment povezan s contact." languagecode="1050" />
                <Description description="Enolični identifikator za segment, ki je povezan z contact." languagecode="1060" />
                <Description description="Eindeutiger Bezeichner für das Segment, das contact zugeordnet ist." languagecode="1031" />
                <Description description="Unique identifier for Segment associated with contact." languagecode="1033" />
                <Description description="Jedinstveni identifikator segmenta povezanog sa contact." languagecode="2074" />
                <Description description="Уникальный идентификатор сегмента, связанного с contact." languagecode="1049" />
                <Description description="与 contact 关联的客户细分的唯一标识符。" languagecode="2052" />
                <Description description="contact ile ilişkili Segmentin benzersiz tanımlayıcısı." languagecode="1055" />
                <Description description="Olemiga contact seostatud segmendi ainuidentifikaator." languagecode="1061" />
                <Description description="Mã định danh duy nhất cho Phân khúc được liên kết với contact." languagecode="1066" />
                <Description description="Унікальний ідентифікатор сегмента, пов’язаного з contact." languagecode="1058" />
                <Description description="Unik identifierare för segmentet som är associerat med contact." languagecode="1053" />
                <Description description="contact entitatearekin erlazionatutako segmentuaren identifikatzaile esklusiboa." languagecode="1069" />
                <Description description="contact से संबद्ध अनुभाग के लिए युनीक आइडेंटिफ़ायर." languagecode="1081" />
                <Description description="Јединствени идентификатор сегмента повезаног са contact." languagecode="3098" />
                <Description description="Pengidentifikasi unik untuk Segmen yang terkait dengan contact." languagecode="1057" />
                <Description description="Unieke id van het segment dat is gekoppeld aan de contact." languagecode="1043" />
                <Description description="Μοναδικό αναγνωριστικό για το τμήμα που σχετίζεται με contact." languagecode="1032" />
                <Description description="Identificador único do segmento asociado ao contact." languagecode="1110" />
                <Description description="與 contact 相關聯之客戶細分的唯一識別碼。" languagecode="3076" />
                <Description description="Identificatore univoco del segmento associato a contact." languagecode="1040" />
                <Description description="contact нысанымен байланысты сегменттің бір мәнді идентификаторы." languagecode="1087" />
                <Description description="المعرف الفريد للشريحة المقترنة بـ contact." languagecode="1025" />
                <Description description="Identificador únic del segment associat a contact." languagecode="1027" />
                <Description description="Jednoznačný identifikátor segmentu priradeného k entite contact." languagecode="1051" />
                <Description description="Identificador exclusivo do Segmento associado a contact." languagecode="2070" />
                <Description description="Ar contact saistītā segmenta unikālais identifikators." languagecode="1062" />
                <Description description="Kohteeseen contact liittyvän segmentin yksilöivä tunnus." languagecode="1035" />
                <Description description="Identificador exclusivo do segmento associado ao contact." languagecode="1046" />
                <Description description="contact에 연결된 세그먼트의 고유 식별자." languagecode="1042" />
                <Description description="Unik identifikator for segmentet som er knyttet til contact." languagecode="1044" />
                <Description description="Unikatowy identyfikator segmentu skojarzonego z encją contact." languagecode="1045" />
                <Description description="與 contact 相關聯之客戶細分的唯一識別碼。" languagecode="1028" />
                <Description description="Identificateur unique du segment associé à contact." languagecode="1036" />
                <Description description="รหัสเฉพาะของเซ็กเมนต์ที่เชื่อมโยงกับ contact" languagecode="1054" />
                <Description description="Entydigt id for det segment, der er tilknyttet contact." languagecode="1030" />
                <Description description="Pengecam unik untuk Segmen yang dikaitkan dengan contact." languagecode="1086" />
                <Description description="A következőhöz társított szegmens egyedi azonosítója: contact." languagecode="1038" />
                <Description description="Su contact susieto segmento unikalusis identifikatorius." languagecode="1063" />
                <Description description="contact に関連付けられたセグメントを表す一意識別子です。" languagecode="1041" />
                <Description description="המזהה הייחודי של הפלח המשויך ל- contact." languagecode="1037" />
                <Description description="Identificatorul unic al segmentului asociat cu contact." languagecode="1048" />
                <Description description="Еднозначен идентификатор на сегмента, свързан с contact." languagecode="1026" />
              </Descriptions>
            </attribute>
          </attributes>
          <EntitySetName>contacts</EntitySetName>
          <IsDuplicateCheckSupported>1</IsDuplicateCheckSupported>
          <IsBusinessProcessEnabled>1</IsBusinessProcessEnabled>
          <IsRequiredOffline>0</IsRequiredOffline>
          <IsInteractionCentricEnabled>1</IsInteractionCentricEnabled>
          <IsCollaboration>0</IsCollaboration>
          <AutoRouteToOwnerQueue>0</AutoRouteToOwnerQueue>
          <IsConnectionsEnabled>1</IsConnectionsEnabled>
          <EntityColor>#005088</EntityColor>
          <IsDocumentManagementEnabled>0</IsDocumentManagementEnabled>
          <AutoCreateAccessTeams>0</AutoCreateAccessTeams>
          <IsOneNoteIntegrationEnabled>0</IsOneNoteIntegrationEnabled>
          <IsKnowledgeManagementEnabled>0</IsKnowledgeManagementEnabled>
          <IsSLAEnabled>0</IsSLAEnabled>
          <IsDocumentRecommendationsEnabled>0</IsDocumentRecommendationsEnabled>
          <IsBPFEntity>0</IsBPFEntity>
          <OwnershipTypeMask>UserOwned</OwnershipTypeMask>
          <EntityMask>ActivityPointer</EntityMask>
          <IsAuditEnabled>1</IsAuditEnabled>
          <IsRetrieveAuditEnabled>0</IsRetrieveAuditEnabled>
          <IsRetrieveMultipleAuditEnabled>0</IsRetrieveMultipleAuditEnabled>
          <IsActivity>0</IsActivity>
          <ActivityTypeMask></ActivityTypeMask>
          <IsActivityParty>1</IsActivityParty>
          <IsReplicated>1</IsReplicated>
          <IsReplicationUserFiltered>1</IsReplicationUserFiltered>
          <IsMailMergeEnabled>1</IsMailMergeEnabled>
          <IsVisibleInMobile>1</IsVisibleInMobile>
          <IsVisibleInMobileClient>1</IsVisibleInMobileClient>
          <IsReadOnlyInMobileClient>0</IsReadOnlyInMobileClient>
          <IsOfflineInMobileClient>1</IsOfflineInMobileClient>
          <DaysSinceRecordLastModified>0</DaysSinceRecordLastModified>
          <MobileOfflineFilters>
		&lt;fetch version="1.0" output-format="xml-platform" mapping="logical" distinct="false"&gt;
			&lt;entity name="contact"&gt;
				&lt;filter type="and"&gt;
					&lt;condition attribute="modifiedon" operator="last-x-days" value="10"/&gt;
				&lt;/filter&gt;
			&lt;/entity&gt;
		&lt;/fetch&gt;
	</MobileOfflineFilters>
          <IsMapiGridEnabled>1</IsMapiGridEnabled>
          <IsReadingPaneEnabled>1</IsReadingPaneEnabled>
          <IsQuickCreateEnabled>1</IsQuickCreateEnabled>
          <SyncToExternalSearchIndex>1</SyncToExternalSearchIndex>
          <IntroducedVersion>5.0.0.0</IntroducedVersion>
          <EnforceStateTransitions>0</EnforceStateTransitions>
          <EntityHelpUrlEnabled>0</EntityHelpUrlEnabled>
          <ChangeTrackingEnabled>1</ChangeTrackingEnabled>
          <IsEnabledForExternalChannels>1</IsEnabledForExternalChannels>
          <IsSolutionAware>0</IsSolutionAware>
          <HasRelatedNotes>True</HasRelatedNotes>
          <HasRelatedFeedback>True</HasRelatedFeedback>
          <HasRelatedActivities>True</HasRelatedActivities>
        </entity>
      </EntityInfo>
      <FormXml>
        <forms type="main">
          <systemform>
            <formid>{894cc46a-b0cb-4ab0-8bf6-200544e46a2d}</formid>
            <IntroducedVersion>5.0.0.0</IntroducedVersion>
            <FormPresentation>0</FormPresentation>
            <FormActivationState>1</FormActivationState>
            <form showImage="true">
              <tabs>
                <tab name="general" verticallayout="true" id="{9748ec98-3746-40cc-83bf-d15c7363166f}" IsUserDefined="0" ordinalvalue="1" solutionaction="Modified">
                  <columns>
                    <column width="100%" id="0">
                      <sections>
                        <section name="name" showlabel="false" showbar="false" id="{90b0776f-2977-4695-9cd4-73bb6c820f88}" IsUserDefined="0" ordinalvalue="0">
                          <rows>
                            <row>
                              <cell id="{90317617-38db-4734-aef8-4bb4e8cb9012}" ordinalvalue="10000">
                                <labels>
                                  <label description="Salutation" languagecode="1033" solutionaction="Added" />
                                </labels>
                              </cell>
                              <cell id="{f3eec8ff-7b5a-43af-92c4-1a41adaf4b50}" ordinalvalue="20001">
                                <labels>
                                  <label description="Business Phone" languagecode="1033" solutionaction="Added" />
                                </labels>
                              </cell>
                            </row>
                            <row>
                              <cell id="{478c8803-2686-4d10-8cf0-e6e5b3b6007f}" ordinalvalue="10002">
                                <labels>
                                  <label description="First Name" languagecode="1033" solutionaction="Added" />
                                </labels>
                              </cell>
                              <cell id="{0304f83d-bb05-4e72-bf12-c9bfa8a8e152}" ordinalvalue="20003">
                                <labels>
                                  <label description="Home Phone" languagecode="1033" solutionaction="Added" />
                                </labels>
                              </cell>
                            </row>
                            <row>
                              <cell id="{8097efd5-8af7-4944-b7a5-42ece196e23d}" ordinalvalue="10004">
                                <labels>
                                  <label description="Middle Name" languagecode="1033" solutionaction="Added" />
                                </labels>
                              </cell>
                              <cell id="{70d9cd8f-142b-4a88-bf82-4d2bc2972140}" ordinalvalue="20005">
                                <labels>
                                  <label description="Mobile Phone" languagecode="1033" solutionaction="Added" />
                                </labels>
                              </cell>
                            </row>
                            <row>
                              <cell id="{4fde05d9-89b1-4acf-a98f-13159f1bdcc8}" ordinalvalue="10006">
                                <labels>
                                  <label description="Last Name" languagecode="1033" solutionaction="Added" />
                                </labels>
                              </cell>
                              <cell id="{068c2954-dfdf-4d68-a9da-f70e3feb3e63}" ordinalvalue="20007">
                                <labels>
                                  <label description="Fax" languagecode="1033" solutionaction="Added" />
                                </labels>
                              </cell>
                            </row>
                            <row>
                              <cell id="{921eaba2-6044-405e-8354-c3c5dbe3e97f}" ordinalvalue="10008">
                                <labels>
                                  <label description="Job Title" languagecode="1033" solutionaction="Added" />
                                </labels>
                              </cell>
                              <cell id="{38d7b950-436b-412f-a71b-ae4187e60c14}" ordinalvalue="20009">
                                <labels>
                                  <label description="Email" languagecode="1033" solutionaction="Added" />
                                </labels>
                              </cell>
                            </row>
                            <row>
                              <cell auto="false" showlabel="true" locklevel="0" rowspan="1" colspan="1" id="{1afed90e-5ba2-4868-b33f-e4ffe086596b}" ordinalvalue="10010">
                                <labels>
                                  <label description="Company Name" languagecode="1033" solutionaction="Added" />
                                </labels>
                              </cell>
                            </row>
                          </rows>
                        </section>
                        <section name="description" showlabel="true" showbar="true" id="{e165b345-b7ce-4c73-a508-0f42cbf6dd53}" IsUserDefined="0" height="auto" ordinalvalue="3">
                          <rows>
                            <row>
                              <cell colspan="2" showlabel="false" rowspan="5" auto="true" id="{c0a08372-d225-411f-87e4-14554329507a}" ordinalvalue="10000">
                                <labels>
                                  <label description="Description" languagecode="1033" solutionaction="Added" />
                                </labels>
                              </cell>
                            </row>
                          </rows>
                        </section>
                      </sections>
                    </column>
                  </columns>
                </tab>
                <tab name="details" id="{cafbf41a-42bf-4665-8562-1e37017eba69}" IsUserDefined="0" ordinalvalue="2" solutionaction="Modified">
                  <columns>
                    <column width="100%" id="0">
                      <sections>
                        <section name="professional information" showlabel="true" showbar="true" id="{a778d498-3bf2-4c33-85e2-7730d8ae126b}" IsUserDefined="0" ordinalvalue="0">
                          <rows>
                            <row>
                              <cell id="{c21cf98d-7d3a-4e4c-815c-5fd6de4b89d7}" ordinalvalue="10000">
                                <labels>
                                  <label description="Department" languagecode="1033" solutionaction="Added" />
                                </labels>
                              </cell>
                              <cell id="{c545928a-8081-4b80-a21e-8a3c405dd0b0}" ordinalvalue="20001">
                                <labels>
                                  <label description="Role" languagecode="1033" solutionaction="Added" />
                                </labels>
                              </cell>
                            </row>
                            <row>
                              <cell id="{452ca48e-8c7b-4a96-81f7-387d0c9b033c}" ordinalvalue="10002">
                                <labels>
                                  <label description="Manager" languagecode="1033" solutionaction="Added" />
                                </labels>
                              </cell>
                              <cell id="{80128d81-f664-47c0-b348-d176679224b9}" ordinalvalue="20003">
                                <labels>
                                  <label description="Assistant" languagecode="1033" solutionaction="Added" />
                                </labels>
                              </cell>
                            </row>
                            <row>
                              <cell id="{d336a999-cdf1-4109-bcbe-db27ec0b7e72}" ordinalvalue="10004">
                                <labels>
                                  <label description="Manager Phone" languagecode="1033" solutionaction="Added" />
                                </labels>
                              </cell>
                              <cell id="{cb2ae5b6-2919-439e-ab41-327d880272a8}" ordinalvalue="20005">
                                <labels>
                                  <label description="Assistant Phone" languagecode="1033" solutionaction="Added" />
                                </labels>
                              </cell>
                            </row>
                          </rows>
                        </section>
                        <section name="personal information" showlabel="true" showbar="true" id="{518cc50e-1350-4b4b-a056-fc3c0e7d36d7}" IsUserDefined="0" ordinalvalue="1">
                          <rows>
                            <row>
                              <cell id="{9748b178-14ab-49af-8985-c02de8892720}" ordinalvalue="10000">
                                <labels>
                                  <label description="Gender" languagecode="1033" solutionaction="Added" />
                                </labels>
                              </cell>
                              <cell id="{b2adc634-723e-4e87-b8f1-b62e3cf1fad1}" ordinalvalue="20001">
                                <labels>
                                  <label description="Birthday" languagecode="1033" solutionaction="Added" />
                                </labels>
                              </cell>
                            </row>
                            <row>
                              <cell id="{acac3dbc-a956-459f-9dba-8c3f5ce3777a}" ordinalvalue="10002">
                                <labels>
                                  <label description="Marital Status" languagecode="1033" solutionaction="Added" />
                                </labels>
                              </cell>
                              <cell id="{4435fdd5-a586-436e-882c-58b516484ae1}" ordinalvalue="20003">
                                <labels>
                                  <label description="Anniversary" languagecode="1033" solutionaction="Added" />
                                </labels>
                              </cell>
                            </row>
                            <row>
                              <cell id="{4bd24018-9343-41e8-b119-66c87186ef1c}" ordinalvalue="10004">
                                <labels>
                                  <label description="Spouse/Partner Name" languagecode="1033" solutionaction="Added" />
                                </labels>
                              </cell>
                            </row>
                          </rows>
                        </section>
                      </sections>
                    </column>
                  </columns>
                </tab>
                <tab name="notes and activities" id="{A6C643C6-E98F-4738-812F-0B7F7FFC80F7}" IsUserDefined="0" expanded="false" ordinalvalue="3" solutionaction="Modified" />
                <tab name="administration" id="{0dd7233e-247b-4eef-a71b-0185da6d16ad}" IsUserDefined="0" ordinalvalue="4" solutionaction="Modified">
                  <columns>
                    <column width="100%" id="0">
                      <sections>
                        <section name="internal information" showlabel="false" showbar="false" id="{c3e86ffb-2b8b-4c56-877f-67bdaa5a7363}" IsUserDefined="0" ordinalvalue="0">
                          <rows>
                            <row>
                              <cell id="{2329843a-6ab4-4431-8a2b-101f3272e104}" ordinalvalue="10000">
                                <labels>
                                  <label description="Owner" languagecode="1033" solutionaction="Added" />
                                </labels>
                              </cell>
                            </row>
                          </rows>
                        </section>
                        <section name="billing information" showlabel="true" showbar="true" id="{0738bc1c-9226-486d-9258-9b6fc75cbaa7}" IsUserDefined="0" ordinalvalue="1">
                          <rows>
                            <row>
                              <cell id="{d9a0c6e4-2016-48cd-b0c1-a6a03e9d47c6}" ordinalvalue="10000">
                                <labels>
                                  <label description="Currency" languagecode="1033" solutionaction="Added" />
                                </labels>
                              </cell>
                              <cell id="{cf9708ff-df37-4fda-86c3-79896dbeaa2c}" ordinalvalue="20001">
                                <labels>
                                  <label description="Payment Terms" languagecode="1033" solutionaction="Added" />
                                </labels>
                              </cell>
                            </row>
                            <row>
                              <cell id="{200a7ca9-4a7e-4462-8f22-9a13ce27bd46}" ordinalvalue="10002">
                                <labels>
                                  <label description="Credit Limit" languagecode="1033" solutionaction="Added" />
                                </labels>
                              </cell>
                              <cell id="{86ed48db-8fdc-4880-aa78-1532af6060ee}" ordinalvalue="20003">
                                <labels>
                                  <label description="Credit Hold" languagecode="1033" solutionaction="Added" />
                                </labels>
                              </cell>
                            </row>
                            <row>
                              <cell id="{cefb2966-525d-46c3-a248-764db1148978}" ordinalvalue="10004" solutionaction="Removed" />
                            </row>
                          </rows>
                        </section>
                      </sections>
                    </column>
                  </columns>
                </tab>
                <tab id="{b2724d5c-3cbe-4df7-b45f-1acfb16d12f6}" name="conflictstab" group="solutionconflictstab" ordinalvalue="5" solutionaction="Modified">
                  <columns>
                    <column width="100%" id="0">
                      <sections>
                        <section id="{f099e3ed-82d7-4d34-816b-03c3b920c7f1}" name="conflictssection" group="solutionconflictssection" ordinalvalue="0">
                          <rows>
                            <row>
                              <cell id="{bc9c8be1-08bc-47ad-8868-1e212574acbd}" ordinalvalue="10000">
                                <labels>
                                  <label description="Price List" languagecode="1033" solutionaction="Added" />
                                </labels>
                              </cell>
                            </row>
                          </rows>
                        </section>
                        <section name="marketing information" showlabel="true" showbar="true" locklevel="0" id="{137f7111-6a68-49ec-bf7e-608e65cb9c45}" IsUserDefined="0" layout="varheight" columns="11" ordinalvalue="1">
                          <rows>
                            <row>
                              <cell id="{5aa3e6b4-439c-4220-84f6-34165bbc5899}" ordinalvalue="10000">
                                <labels>
                                  <label description="Originating Lead" languagecode="1033" solutionaction="Added" />
                                </labels>
                              </cell>
                              <cell auto="false" showlabel="true" locklevel="0" rowspan="1" colspan="1" id="{af160f54-cea1-45fb-bcc2-1d177d9c6fe9}" ordinalvalue="20001">
                                <labels>
                                  <label description="Last Date Included in Campaign" languagecode="1033" solutionaction="Added" />
                                </labels>
                              </cell>
                            </row>
                            <row>
                              <cell auto="false" showlabel="true" locklevel="0" rowspan="1" colspan="1" id="{8615167e-21fe-4aa0-9eb2-5f69e6e4408a}" ordinalvalue="10002">
                                <labels>
                                  <label description="Send Marketing Materials" languagecode="1033" solutionaction="Added" />
                                </labels>
                              </cell>
                            </row>
                          </rows>
                        </section>
                        <section name="service preferences" showlabel="true" showbar="true" id="{12ea1501-295d-423d-acf9-5a1257746c83}" IsUserDefined="0" ordinalvalue="2">
                          <rows>
                            <row>
                              <cell id="{150fe3ca-65fc-4c67-9797-80bd66a9b3bc}" ordinalvalue="10000">
                                <labels>
                                  <label description="Preferred Day" languagecode="1033" solutionaction="Added" />
                                </labels>
                              </cell>
                              <cell id="{21d5ede7-b984-4a16-8464-831dbc83ea15}" ordinalvalue="20001">
                                <labels>
                                  <label description="Preferred Facility/Equipment" languagecode="1033" solutionaction="Added" />
                                </labels>
                              </cell>
                            </row>
                            <row>
                              <cell id="{93aa5433-f813-45a0-8e60-88c4940f0d99}" ordinalvalue="10002">
                                <labels>
                                  <label description="Preferred Time" languagecode="1033" solutionaction="Added" />
                                </labels>
                              </cell>
                              <cell id="{e7c37018-e855-4745-9e6b-1ad431651ca0}" ordinalvalue="20003">
                                <labels>
                                  <label description="Preferred User" languagecode="1033" solutionaction="Added" />
                                </labels>
                              </cell>
                            </row>
                            <row>
                              <cell id="{48e78793-a270-4cea-b252-525d3fc20923}" ordinalvalue="10004">
                                <labels>
                                  <label description="Preferred Service" languagecode="1033" solutionaction="Added" />
                                </labels>
                              </cell>
                            </row>
                          </rows>
                        </section>
                      </sections>
                    </column>
                  </columns>
                </tab>
                <tab name="tab_recordwall" id="{e94e6ac4-12db-bc8c-ec81-8b20c5987655}" IsUserDefined="0" locklevel="0" showlabel="true" expanded="false" labelid="{e7e07e47-c9d4-4db1-b7fe-e6951449fde9}" ordinalvalue="0" solutionaction="Added">
                  <labels>
                    <label description="What's New" languagecode="1033" />
                  </labels>
                  <columns>
                    <column width="100%" id="0">
                      <sections>
                        <section name="tab_recordwall_section_1" showlabel="false" showbar="false" locklevel="0" id="{ac0addcc-a626-6c98-40ee-b11edac36204}" IsUserDefined="0" layout="varwidth" columns="1" labelwidth="115" celllabelalignment="Left" celllabelposition="Left" labelid="{1070af36-5fef-40eb-a9be-d8914f888dca}" ordinalvalue="0">
                          <labels>
                            <label description="Section" languagecode="1033" />
                          </labels>
                          <rows>
                            <row>
                              <cell id="{be13b312-b6ac-83d7-34e1-e90dc1ecbec7}" showlabel="false" colspan="1" auto="false" rowspan="15" labelid="{5a61e3e6-94fe-4244-841f-8c6e069c8a40}" ordinalvalue="10000">
                                <labels>
                                  <label description="RecordWall" languagecode="1033" />
                                </labels>
                                <control id="WebResource_RecordWall" classid="{9FDF5F91-88B1-47f4-AD53-C11EFC01A01D}">
                                  <parameters>
                                    <Url>msdyn_/RecordWall.htm</Url>
                                    <PassParameters>true</PassParameters>
                                    <Security>false</Security>
                                    <Scrolling>auto</Scrolling>
                                    <Border>false</Border>
                                  </parameters>
                                </control>
                                <events>
                                  <event name="onload" application="0">
                                    <dependencies />
                                  </event>
                                </events>
                              </cell>
                            </row>
                            <row />
                            <row />
                            <row />
                            <row />
                            <row />
                            <row />
                            <row />
                            <row />
                            <row />
                            <row />
                            <row />
                            <row />
                            <row />
                            <row />
                          </rows>
                        </section>
                      </sections>
                    </column>
                  </columns>
                  <events>
                    <event name="tabstatechange" application="false" active="false">
                      <Handlers>
                        <Handler functionName="ActivityFeeds.Form.CustomizationUtils.updateRecordWallRenderingState" libraryName="msdyn_/ActivityFeeds.Form.js" handlerUniqueId="{9beb6ce6-2666-8033-a406-3d68d44b9592}" enabled="true" parameters="" passExecutionContext="true" ordinalvalue="0" />
                      </Handlers>
                    </event>
                  </events>
                </tab>
              </tabs>
              <header id="{59314f22-396d-45d8-baef-75b09c8dd512}" celllabelposition="Top">
                <rows>
                  <row>
                    <cell id="{b0074c9c-4bdb-9521-0b2a-468199980643}" ordinalvalue="10000">
                      <labels>
                        <label description="Email" languagecode="1033" solutionaction="Added" />
                      </labels>
                    </cell>
                    <cell id="{9c4cd12a-3da3-d3cc-b902-6ee03bd43729}" ordinalvalue="20001">
                      <labels>
                        <label description="Preferred Method of Contact" languagecode="1033" solutionaction="Added" />
                      </labels>
                    </cell>
                    <cell id="{6eb10c6b-c25e-a2ea-b4c1-b3d4a075d081}" ordinalvalue="30002">
                      <labels>
                        <label description="Owner" languagecode="1033" solutionaction="Added" />
                      </labels>
                    </cell>
                  </row>
                </rows>
              </header>
              <formLibraries solutionaction="Added">
                <Library name="msdyn_/ActivityFeeds.Form.js" libraryUniqueId="{4181da4c-6d13-ba3c-c859-be404e4ee2e3}" />
              </formLibraries>
            </form>
            <LocalizedNames>
              <LocalizedName description="Information" languagecode="1033" />
            </LocalizedNames>
            <Descriptions>
              <Description description="A form for this entity." languagecode="1033" />
            </Descriptions>
          </systemform>
          <systemform>
            <formid>{e06af4d1-2812-45c7-a9c2-9fb73fee7bec}</formid>
            <IntroducedVersion>1.0</IntroducedVersion>
            <FormPresentation>0</FormPresentation>
            <FormActivationState>1</FormActivationState>
            <form>
              <tabs>
                <tab name="SUMMARY_TAB" id="{13c118dd-d4ad-48ee-8087-d35f5b5f2490}" IsUserDefined="0" showlabel="false" expanded="true" labelid="{c5ca1165-f5b8-4908-87f9-016bbb5035ee}" ordinalvalue="1" solutionaction="Modified" />
                <tab name="DETAILS_TAB" id="{3f11f670-7ed1-4efa-b43b-9b2f07531d21}" IsUserDefined="0" expanded="true" showlabel="true" labelid="{5bf24e9e-ca44-4379-ac52-b3b6f3bc20f6}" ordinalvalue="2" solutionaction="Modified" />
                <tab name="tab_recordwall" id="{e94e6ac4-12db-bc8c-ec81-8b20c5987655}" IsUserDefined="0" locklevel="0" showlabel="true" expanded="false" labelid="{b0d0f46a-7600-4817-8baa-a3d2c98e14a0}" ordinalvalue="0" solutionaction="Added">
                  <labels>
                    <label description="What's New" languagecode="1033" />
                  </labels>
                  <columns>
                    <column width="100%" id="0">
                      <sections>
                        <section name="tab_recordwall_section_1" showlabel="false" showbar="false" locklevel="0" id="{ac0addcc-a626-6c98-40ee-b11edac36204}" IsUserDefined="0" layout="varwidth" columns="1" labelwidth="115" celllabelalignment="Left" celllabelposition="Left" labelid="{ae44e82d-aded-473e-a63f-f44488c4424f}" ordinalvalue="0">
                          <labels>
                            <label description="Section" languagecode="1033" />
                          </labels>
                          <rows>
                            <row>
                              <cell id="{be13b312-b6ac-83d7-34e1-e90dc1ecbec7}" showlabel="false" colspan="1" auto="false" rowspan="15" labelid="{00c043d3-f075-40bb-8587-32239ff76295}" ordinalvalue="10000">
                                <labels>
                                  <label description="RecordWall" languagecode="1033" />
                                </labels>
                                <control id="WebResource_RecordWall" classid="{9FDF5F91-88B1-47f4-AD53-C11EFC01A01D}">
                                  <parameters>
                                    <Url>msdyn_/RecordWall.htm</Url>
                                    <PassParameters>true</PassParameters>
                                    <Security>false</Security>
                                    <Scrolling>auto</Scrolling>
                                    <Border>false</Border>
                                  </parameters>
                                </control>
                                <events>
                                  <event name="onload" application="0">
                                    <dependencies />
                                  </event>
                                </events>
                              </cell>
                            </row>
                            <row />
                            <row />
                            <row />
                            <row />
                            <row />
                            <row />
                            <row />
                            <row />
                            <row />
                            <row />
                            <row />
                            <row />
                            <row />
                            <row />
                          </rows>
                        </section>
                      </sections>
                    </column>
                  </columns>
                  <events>
                    <event name="tabstatechange" application="false" active="false">
                      <Handlers>
                        <Handler functionName="ActivityFeeds.Form.CustomizationUtils.updateRecordWallRenderingState" libraryName="msdyn_/ActivityFeeds.Form.js" handlerUniqueId="{9beb6ce6-2666-8033-a406-3d68d44b9592}" enabled="true" parameters="" passExecutionContext="true" ordinalvalue="0" />
                      </Handlers>
                    </event>
                  </events>
                </tab>
              </tabs>
              <formLibraries solutionaction="Added">
                <Library name="msdyn_/ActivityFeeds.Form.js" libraryUniqueId="{4181da4c-6d13-ba3c-c859-be404e4ee2e3}" />
              </formLibraries>
            </form>
            <LocalizedNames>
              <LocalizedName description="Contact for Multisession experience" languagecode="1033" />
            </LocalizedNames>
            <Descriptions>
              <Description description="Default Multisession experience Contact form." languagecode="1033" />
            </Descriptions>
          </systemform>
        </forms>
      </FormXml>
      <RibbonDiffXml>
        <CustomActions />
        <Templates>
          <RibbonTemplates Id="Mscrm.Templates"></RibbonTemplates>
        </Templates>
        <CommandDefinitions />
        <RuleDefinitions>
          <TabDisplayRules />
          <DisplayRules />
          <EnableRules />
        </RuleDefinitions>
        <LocLabels />
      </RibbonDiffXml>
    </Entity>
  </Entities>
  <Roles></Roles>
  <Workflows>
    <Workflow WorkflowId="{bc41f469-b203-ee11-8f6e-002248268df9}" Name="Demo - power automate flow">
      <JsonFileName>/Workflows/Demo-powerautomateflow-BC41F469-B203-EE11-8F6E-002248268DF9.json</JsonFileName>
      <Type>1</Type>
      <Subprocess>0</Subprocess>
      <Category>5</Category>
      <Mode>0</Mode>
      <Scope>4</Scope>
      <OnDemand>0</OnDemand>
      <TriggerOnCreate>0</TriggerOnCreate>
      <TriggerOnDelete>0</TriggerOnDelete>
      <AsyncAutodelete>0</AsyncAutodelete>
      <SyncWorkflowLogOnFailure>0</SyncWorkflowLogOnFailure>
      <StateCode>1</StateCode>
      <StatusCode>2</StatusCode>
      <RunAs>1</RunAs>
      <IsTransacted>1</IsTransacted>
      <IntroducedVersion>1.0.0.0</IntroducedVersion>
      <IsCustomizable>1</IsCustomizable>
      <BusinessProcessType>0</BusinessProcessType>
      <IsCustomProcessingStepAllowedForOtherPublishers>1</IsCustomProcessingStepAllowedForOtherPublishers>
      <PrimaryEntity>none</PrimaryEntity>
      <LocalizedNames>
        <LocalizedName languagecode="1033" description="Demo - power automate flow" />
      </LocalizedNames>
    </Workflow>
  </Workflows>
  <FieldSecurityProfiles></FieldSecurityProfiles>
  <Templates />
  <EntityMaps />
  <EntityRelationships>
    <EntityRelationship Name="msdyn_msdyn_contactkpiitem_contact_contactkpiid">
      <EntityRelationshipType>OneToMany</EntityRelationshipType>
      <IntroducedVersion>1.0</IntroducedVersion>
      <IsHierarchical>0</IsHierarchical>
      <ReferencingEntityName>Contact</ReferencingEntityName>
      <ReferencedEntityName>msdyn_contactkpiitem</ReferencedEntityName>
      <CascadeAssign>NoCascade</CascadeAssign>
      <CascadeDelete>RemoveLink</CascadeDelete>
      <CascadeArchive>NoCascade</CascadeArchive>
      <CascadeReparent>NoCascade</CascadeReparent>
      <CascadeShare>NoCascade</CascadeShare>
      <CascadeUnshare>NoCascade</CascadeUnshare>
      <CascadeRollupView>NoCascade</CascadeRollupView>
      <IsValidForAdvancedFind>1</IsValidForAdvancedFind>
      <ReferencingAttributeName>msdyn_contactkpiid</ReferencingAttributeName>
      <RelationshipDescription>
        <Descriptions>
          <Description description="Maps to contact KPI records" languagecode="1033" />
        </Descriptions>
      </RelationshipDescription>
      <EntityRelationshipRoles>
        <EntityRelationshipRole>
          <NavPaneDisplayOption>DoNotDisplay</NavPaneDisplayOption>
          <NavPaneArea>Details</NavPaneArea>
          <NavPaneOrder>10000</NavPaneOrder>
          <NavigationPropertyName>msdyn_contactkpiid</NavigationPropertyName>
          <CustomLabels>
            <CustomLabel description="" languagecode="1033" />
          </CustomLabels>
          <RelationshipRoleType>1</RelationshipRoleType>
        </EntityRelationshipRole>
        <EntityRelationshipRole>
          <RelationshipRoleType>0</RelationshipRoleType>
        </EntityRelationshipRole>
      </EntityRelationshipRoles>
    </EntityRelationship>
    <EntityRelationship Name="msdyn_msdyn_segment_contact">
      <EntityRelationshipType>OneToMany</EntityRelationshipType>
      <IsCustomizable>1</IsCustomizable>
      <IntroducedVersion>1.0</IntroducedVersion>
      <IsHierarchical>0</IsHierarchical>
      <ReferencingEntityName>Contact</ReferencingEntityName>
      <ReferencedEntityName>msdyn_segment</ReferencedEntityName>
      <CascadeAssign>NoCascade</CascadeAssign>
      <CascadeDelete>RemoveLink</CascadeDelete>
      <CascadeArchive>NoCascade</CascadeArchive>
      <CascadeReparent>NoCascade</CascadeReparent>
      <CascadeShare>NoCascade</CascadeShare>
      <CascadeUnshare>NoCascade</CascadeUnshare>
      <CascadeRollupView>NoCascade</CascadeRollupView>
      <IsValidForAdvancedFind>1</IsValidForAdvancedFind>
      <ReferencingAttributeName>msdyn_segmentid</ReferencingAttributeName>
      <RelationshipDescription>
        <Descriptions>
          <Description description="Unique identifier for Segment associated with contact." languagecode="127" />
          <Description description="Jedinečný identifikátor segmentu přidruženého k contact" languagecode="1029" />
          <Description description="Identificador único del segmento asociado a contact." languagecode="3082" />
          <Description description="Jedinstveni identifikator za segment povezan s contact." languagecode="1050" />
          <Description description="Enolični identifikator za segment, ki je povezan z contact." languagecode="1060" />
          <Description description="Eindeutiger Bezeichner für das Segment, das contact zugeordnet ist." languagecode="1031" />
          <Description description="Unique identifier for Segment associated with contact." languagecode="1033" />
          <Description description="Jedinstveni identifikator segmenta povezanog sa contact." languagecode="2074" />
          <Description description="Уникальный идентификатор сегмента, связанного с contact." languagecode="1049" />
          <Description description="与 contact 关联的客户细分的唯一标识符。" languagecode="2052" />
          <Description description="contact ile ilişkili Segmentin benzersiz tanımlayıcısı." languagecode="1055" />
          <Description description="Olemiga contact seostatud segmendi ainuidentifikaator." languagecode="1061" />
          <Description description="Mã định danh duy nhất cho Phân khúc được liên kết với contact." languagecode="1066" />
          <Description description="Унікальний ідентифікатор сегмента, пов’язаного з contact." languagecode="1058" />
          <Description description="Unik identifierare för segmentet som är associerat med contact." languagecode="1053" />
          <Description description="contact entitatearekin erlazionatutako segmentuaren identifikatzaile esklusiboa." languagecode="1069" />
          <Description description="contact से संबद्ध अनुभाग के लिए युनीक आइडेंटिफ़ायर." languagecode="1081" />
          <Description description="Јединствени идентификатор сегмента повезаног са contact." languagecode="3098" />
          <Description description="Pengidentifikasi unik untuk Segmen yang terkait dengan contact." languagecode="1057" />
          <Description description="Unieke id van het segment dat is gekoppeld aan de contact." languagecode="1043" />
          <Description description="Μοναδικό αναγνωριστικό για το τμήμα που σχετίζεται με contact." languagecode="1032" />
          <Description description="Identificador único do segmento asociado ao contact." languagecode="1110" />
          <Description description="與 contact 相關聯之客戶細分的唯一識別碼。" languagecode="3076" />
          <Description description="Identificatore univoco del segmento associato a contact." languagecode="1040" />
          <Description description="contact нысанымен байланысты сегменттің бір мәнді идентификаторы." languagecode="1087" />
          <Description description="المعرف الفريد للشريحة المقترنة بـ contact." languagecode="1025" />
          <Description description="Identificador únic del segment associat a contact." languagecode="1027" />
          <Description description="Jednoznačný identifikátor segmentu priradeného k entite contact." languagecode="1051" />
          <Description description="Identificador exclusivo do Segmento associado a contact." languagecode="2070" />
          <Description description="Ar contact saistītā segmenta unikālais identifikators." languagecode="1062" />
          <Description description="Kohteeseen contact liittyvän segmentin yksilöivä tunnus." languagecode="1035" />
          <Description description="Identificador exclusivo do segmento associado ao contact." languagecode="1046" />
          <Description description="contact에 연결된 세그먼트의 고유 식별자." languagecode="1042" />
          <Description description="Unik identifikator for segmentet som er knyttet til contact." languagecode="1044" />
          <Description description="Unikatowy identyfikator segmentu skojarzonego z encją contact." languagecode="1045" />
          <Description description="與 contact 相關聯之客戶細分的唯一識別碼。" languagecode="1028" />
          <Description description="Identificateur unique du segment associé à contact." languagecode="1036" />
          <Description description="รหัสเฉพาะของเซ็กเมนต์ที่เชื่อมโยงกับ contact" languagecode="1054" />
          <Description description="Entydigt id for det segment, der er tilknyttet contact." languagecode="1030" />
          <Description description="Pengecam unik untuk Segmen yang dikaitkan dengan contact." languagecode="1086" />
          <Description description="A következőhöz társított szegmens egyedi azonosítója: contact." languagecode="1038" />
          <Description description="Su contact susieto segmento unikalusis identifikatorius." languagecode="1063" />
          <Description description="contact に関連付けられたセグメントを表す一意識別子です。" languagecode="1041" />
          <Description description="המזהה הייחודי של הפלח המשויך ל- contact." languagecode="1037" />
          <Description description="Identificatorul unic al segmentului asociat cu contact." languagecode="1048" />
          <Description description="Еднозначен идентификатор на сегмента, свързан с contact." languagecode="1026" />
        </Descriptions>
      </RelationshipDescription>
      <EntityRelationshipRoles>
        <EntityRelationshipRole>
          <NavPaneDisplayOption>DoNotDisplay</NavPaneDisplayOption>
          <NavPaneArea>Details</NavPaneArea>
          <NavigationPropertyName>msdyn_segmentid</NavigationPropertyName>
          <RelationshipRoleType>1</RelationshipRoleType>
        </EntityRelationshipRole>
        <EntityRelationshipRole>
          <NavigationPropertyName>msdyn_msdyn_segment_contact</NavigationPropertyName>
          <RelationshipRoleType>0</RelationshipRoleType>
        </EntityRelationshipRole>
      </EntityRelationshipRoles>
    </EntityRelationship>
  </EntityRelationships>
  <OrganizationSettings />
  <optionsets />
  <InteractionCentricDashboards>
    <InteractionCentricDashboard>
      <LocalizedNames>
        <LocalizedName description="Contacts Dashboard" languagecode="1033" />
      </LocalizedNames>
      <Descriptions>
        <Description description="Shows an overview of data related to contacts." languagecode="1033" />
      </Descriptions>
      <FormId>{70ad8b15-e3f3-4d7d-9e4b-16cb4e51b484}</FormId>
      <IsDefault>0</IsDefault>
      <FormXml>
        <forms type="interactioncentricdashboard">
          <form>
            <tabs filterby="createdon" timeframe="7" primaryentitylogicalname="contact" entityview="{00000000-0000-0000-00AA-000010001004}" dashboardCategory="1_1" tilespresent="false">
              <tab showlabel="true" verticallayout="true" collapsible="true" id="{bef24afb-7af8-4c52-876d-b77dee00a8c1}">
                <labels>
                  <label description="" languagecode="1033" />
                </labels>
                <columns>
                  <column width="100%">
                    <sections>
                      <section name="VisualFilters" showlabel="false" showbar="false" columns="111" id="{67ff7714-faf2-4f54-a649-dcbbd6c406a4}">
                        <labels>
                          <label description="" languagecode="1033" />
                        </labels>
                        <rows>
                          <row>
                            <cell colspan="1" rowspan="12" showlabel="false" ischartcell="true" id="{548005aa-1dbf-4ef0-8f41-119ca9df2b81}" auto="false">
                              <labels>
                                <label description="Contacts" languagecode="1033" />
                              </labels>
                              <control id="Component5cdf2fb" uniqueid="{79d2e270-ad25-6b14-4600-08e74a8d2c3c}" classid="{E7A81278-8635-4d9e-8D4D-59480B391C5B}" indicationOfSubgrid="true">
                                <parameters>
                                  <TargetEntityType>contact</TargetEntityType>
                                  <ChartGridMode>Chart</ChartGridMode>
                                  <EnableQuickFind>false</EnableQuickFind>
                                  <EnableViewPicker>false</EnableViewPicker>
                                  <EnableJumpBar>false</EnableJumpBar>
                                  <RecordsPerPage>10</RecordsPerPage>
                                  <ViewId>{00000000-0000-0000-00AA-000010001004}</ViewId>
                                  <IsUserView>false</IsUserView>
                                  <ViewIds />
                                  <AutoExpand>Fixed</AutoExpand>
                                  <VisualizationId>{EA89E2AD-2602-4333-8724-AA5775D66B77}</VisualizationId>
                                  <IsUserChart>false</IsUserChart>
                                  <EnableChartPicker>false</EnableChartPicker>
                                  <RelationshipName />
                                </parameters>
                              </control>
                            </cell>
                            <cell colspan="1" rowspan="12" showlabel="false" ischartcell="true" id="{f91583a4-886d-4916-ab46-a169b8f32d98}" auto="false">
                              <labels>
                                <label description="Contacts" languagecode="1033" />
                              </labels>
                              <control id="Componentd265f20" uniqueid="{e688add6-8d88-cd2d-8b07-64a8928289b3}" classid="{E7A81278-8635-4d9e-8D4D-59480B391C5B}" indicationOfSubgrid="true">
                                <parameters>
                                  <TargetEntityType>contact</TargetEntityType>
                                  <ChartGridMode>Chart</ChartGridMode>
                                  <EnableQuickFind>false</EnableQuickFind>
                                  <EnableViewPicker>false</EnableViewPicker>
                                  <EnableJumpBar>false</EnableJumpBar>
                                  <RecordsPerPage>10</RecordsPerPage>
                                  <ViewId>{00000000-0000-0000-00AA-000010001004}</ViewId>
                                  <IsUserView>false</IsUserView>
                                  <ViewIds />
                                  <AutoExpand>Fixed</AutoExpand>
                                  <VisualizationId>{E365462F-1DB9-46A8-928D-BEAB1A7A2375}</VisualizationId>
                                  <IsUserChart>false</IsUserChart>
                                  <EnableChartPicker>false</EnableChartPicker>
                                  <RelationshipName />
                                </parameters>
                              </control>
                            </cell>
                            <cell colspan="1" rowspan="12" showlabel="false" ischartcell="true" id="{e1fa35b4-7894-4084-a1ed-da097c41125c}" auto="false">
                              <labels>
                                <label description="Contacts" languagecode="1033" />
                              </labels>
                              <control id="Component7d7ff61" uniqueid="{aed78e2b-8b15-db31-e4b9-8d7b6a887575}" classid="{E7A81278-8635-4d9e-8D4D-59480B391C5B}" indicationOfSubgrid="true">
                                <parameters>
                                  <TargetEntityType>contact</TargetEntityType>
                                  <ChartGridMode>Chart</ChartGridMode>
                                  <EnableQuickFind>false</EnableQuickFind>
                                  <EnableViewPicker>false</EnableViewPicker>
                                  <EnableJumpBar>false</EnableJumpBar>
                                  <RecordsPerPage>10</RecordsPerPage>
                                  <ViewId>{00000000-0000-0000-00AA-000010001004}</ViewId>
                                  <IsUserView>false</IsUserView>
                                  <ViewIds />
                                  <AutoExpand>Fixed</AutoExpand>
                                  <VisualizationId>{751B7456-308E-4568-A3A9-47135AAE833A}</VisualizationId>
                                  <IsUserChart>false</IsUserChart>
                                  <EnableChartPicker>false</EnableChartPicker>
                                  <RelationshipName />
                                </parameters>
                              </control>
                            </cell>
                          </row>
                          <row />
                          <row />
                          <row />
                          <row />
                          <row />
                          <row />
                          <row />
                          <row />
                          <row />
                          <row />
                          <row />
                        </rows>
                      </section>
                    </sections>
                  </column>
                </columns>
              </tab>
              <tab name="StreamsContainer" showlabel="true" verticallayout="true" collapsible="false" id="{c7c07fa6-9f57-4023-9619-ab966c78e3cb}">
                <labels>
                  <label description="" languagecode="1033" />
                </labels>
                <columns>
                  <column width="100%">
                    <sections>
                      <section name="Streams" showlabel="false" showbar="false" columns="1111" id="{e4388732-5e88-4e8b-8149-0f0bdfd29a2d}">
                        <labels>
                          <label description="" languagecode="1033" />
                        </labels>
                        <rows>
                          <row>
                            <cell colspan="4" rowspan="12" showlabel="false" isstreamcell="true" id="{4bdc2575-aa31-48b8-9315-d144558a4302}">
                              <labels>
                                <label description="" languagecode="1033" />
                              </labels>
                              <control id="Component{c1b0b0ed-3490-671d-aa95-a3cb5e8505d6}" classid="{EE9078C8-6946-4E2C-B8F8-35E65F4BE6A8}">
                                <parameters>
                                  <StreamObjects>
                                    <ShowAsTiles>false</ShowAsTiles>
                                    <StreamObject type="1" id="{89c98a6d-a6a2-4107-a442-b1f779fc06af}">
                                      <LogicalEntityName>contact</LogicalEntityName>
                                      <EntityViewId>{00000000-0000-0000-00AA-000010001003}</EntityViewId>
                                    </StreamObject>
                                    <StreamObject type="1" id="{fd259d8c-2ace-4eff-b764-97c59b32c97b}">
                                      <LogicalEntityName>contact</LogicalEntityName>
                                      <EntityViewId>{00000000-0000-0000-00AA-000010001004}</EntityViewId>
                                    </StreamObject>
                                    <StreamObject type="1" id="{47CBE7D7-E094-473C-8EB4-F01DF57FD484}">
                                      <LogicalEntityName>contact</LogicalEntityName>
                                      <EntityViewId>{00000000-0000-0000-00AA-000010001033}</EntityViewId>
                                    </StreamObject>
                                    <StreamObject type="1" id="{0DF3056B-AC80-4D62-B727-DFA2DED740EB}">
                                      <LogicalEntityName>contact</LogicalEntityName>
                                      <EntityViewId>{0D5D377B-5E7C-47B5-BAB1-A5CB8B4AC105}</EntityViewId>
                                    </StreamObject>
                                  </StreamObjects>
                                </parameters>
                              </control>
                            </cell>
                          </row>
                          <row />
                          <row />
                          <row />
                          <row />
                          <row />
                          <row />
                          <row />
                          <row />
                          <row />
                          <row />
                          <row />
                        </rows>
                      </section>
                    </sections>
                  </column>
                </columns>
              </tab>
            </tabs>
          </form>
        </forms>
      </FormXml>
      <IntroducedVersion>8.0.0.0</IntroducedVersion>
      <IsTabletEnabled>0</IsTabletEnabled>
    </InteractionCentricDashboard>
  </InteractionCentricDashboards>
  <CustomControls />
  <EntityDataProviders />
  <CanvasApps>
    <CanvasApp>
      <Name>demo_demoapp1_cacc2</Name>
      <AppVersion>2022-05-24T15:00:10Z</AppVersion>
      <Status>Ready</Status>
      <CreatedByClientVersion>3.22052.26.0</CreatedByClientVersion>
      <MinClientVersion>3.22052.26.0</MinClientVersion>
      <Tags>{"primaryDeviceWidth":"1366","primaryDeviceHeight":"768","supportsPortrait":"true","supportsLandscape":"true","primaryFormFactor":"Tablet","publisherVersion":"3.22052.26","minimumRequiredApiVersion":"2.2.0","hasComponent":"false","hasUnlockedComponent":"false","isUnifiedRootApp":"false"}</Tags>
      <IsCdsUpgraded>0</IsCdsUpgraded>
      <GalleryItemId xsi:nil="true"></GalleryItemId>
      <BackgroundColor>RGBA(0,176,240,1)</BackgroundColor>
      <DisplayName>demo_app1</DisplayName>
      <Description xsi:nil="true"></Description>
      <CommitMessage xsi:nil="true"></CommitMessage>
      <Publisher xsi:nil="true"></Publisher>
      <AuthorizationReferences>[]</AuthorizationReferences>
      <ConnectionReferences>{}</ConnectionReferences>
      <DatabaseReferences>{"default.cds":{"databaseDetails":{"referenceType":"NotSpecified","environmentName":"default.cds","overrideValues":{"status":"NotSpecified"}},"dataSources":{"Contacts":{"entitySetName":"contacts","logicalName":"contact"}}}}</DatabaseReferences>
      <AppComponents>[]</AppComponents>
      <AppComponentDependencies>[]</AppComponentDependencies>
      <CanConsumeAppPass>1</CanConsumeAppPass>
      <CanvasAppType>0</CanvasAppType>
      <BypassConsent>0</BypassConsent>
      <AdminControlBypassConsent>0</AdminControlBypassConsent>
      <EmbeddedApp xsi:nil="true"></EmbeddedApp>
      <IntroducedVersion>1.0</IntroducedVersion>
      <CdsDependencies>{"cdsdependencies":[{"logicalname":"contact","componenttype":1}]}</CdsDependencies>
      <IsCustomizable>1</IsCustomizable>
      <BackgroundImageUri>/CanvasApps/demo_demoapp1_cacc2_BackgroundImageUri</BackgroundImageUri>
      <DocumentUri>/CanvasApps/demo_demoapp1_cacc2_DocumentUri.msapp</DocumentUri>
    </CanvasApp>
  </CanvasApps>
  <connectionreferences>
    <connectionreference connectionreferencelogicalname="new_sharedcommondataserviceforapps_031f9">
      <connectionreferencedisplayname>Microsoft Dataverse Default-031f9</connectionreferencedisplayname>
      <connectorid>/providers/Microsoft.PowerApps/apis/shared_commondataserviceforapps</connectorid>
      <iscustomizable>1</iscustomizable>
      <statecode>0</statecode>
      <statuscode>1</statuscode>
    </connectionreference>
  </connectionreferences>
  <Languages>
    <Language>1033</Language>
  </Languages>
</ImportExportXml>